from_id,from_name,to_id,to_name,line,time
1,소요산,2,동두천,1,4
2,동두천,3,보산,1,3
3,보산,4,동두천중앙,1,2
4,동두천중앙,5,지행,1,2
5,지행,6,덕정,1,3
6,덕정,7,덕계,1,2
7,덕계,8,양주,1,3
8,양주,9,녹양,1,2
9,녹양,10,가능,1,2
10,가능,11,의정부,1,2
11,의정부,12,회룡,1,3
12,회룡,13,망월사,1,2
13,망월사,14,도봉산,1,2
14,도봉산,15,도봉,1,2
15,도봉,16,방학,1,2
16,방학,17,창동,1,2
17,창동,18,녹천,1,2
18,녹천,19,월계,1,2
19,월계,20,광운대,1,2
20,광운대,21,석계,1,2
21,석계,22,신이문,1,2
22,신이문,23,외대앞,1,2
23,외대앞,24,회기,1,2
24,회기,25,청량리,1,2
25,청량리,26,제기동,1,2
26,제기동,27,신설동,1,2
27,신설동,28,동묘앞,1,2
28,동묘앞,29,동대문,1,2
29,동대문,30,종로5가,1,2
30,종로5가,31,종로3가,1,2
31,종로3가,32,종각,1,2
32,종각,33,서울역,1,2
33,서울역,34,남영,1,2
34,남영,35,용산,1,3
35,용산,36,노량진,1,3
36,노량진,37,대방,1,2
37,대방,38,신길,1,2
38,신길,39,영등포,1,2
39,영등포,40,신도림,1,2
40,신도림,41,구로,1,2
41,구로,42,구일,1,2
42,구일,43,개봉,1,2
43,개봉,44,오류동,1,2
44,오류동,45,온수,1,2
45,온수,46,역곡,1,3
46,역곡,47,소사,1,3
47,소사,48,부천,1,3
48,부천,49,중동,1,2
49,중동,50,송내,1,2
50,송내,51,부개,1,2
51,부개,52,부평,1,3
52,부평,53,백운,1,2
53,백운,54,동암,1,2
54,동암,55,간석,1,2
55,간석,56,주안,1,3
56,주안,57,도화,1,2
57,도화,58,제물포,1,2
58,제물포,59,도원,1,2
59,도원,60,동인천,1,3
60,동인천,61,인천,1,2
41,구로,62,가산디지털단지,1,2
62,가산디지털단지,63,독산,1,2
63,독산,64,금천구청,1,2
64,금천구청,65,석수,1,2
65,석수,66,관악,1,2
66,관악,67,안양,1,3
67,안양,68,명학,1,2
68,명학,69,금정,1,2
69,금정,70,군포,1,3
70,군포,71,당정,1,2
71,당정,72,의왕,1,2
72,의왕,73,성균관대,1,3
73,성균관대,74,화서,1,2
74,화서,75,수원,1,2
75,수원,76,세류,1,2
76,세류,77,병점,1,2
77,병점,78,세마,1,3
78,세마,79,오산대,1,2
79,오산대,80,오산,1,2
80,오산,81,진위,1,3
81,진위,82,송탄,1,2
82,송탄,83,서정리,1,2
83,서정리,84,평택지제,1,3
84,평택지제,85,평택,1,3
85,평택,86,성환,1,3
86,성환,87,직산,1,2
87,직산,88,두정,1,2
88,두정,89,천안,1,2
89,천안,90,봉명,1,2
90,봉명,91,쌍용,1,2
91,쌍용,92,아산,1,2
92,아산,93,배방,1,3
93,배방,94,온양온천,1,2
94,온양온천,95,신창,1,2
101,시청,102,을지로입구,2,2
102,을지로입구,103,을지로3가,2,2
103,을지로3가,104,을지로4가,2,2
104,을지로4가,105,동대문역사문화공원,2,2
105,동대문역사문화공원,106,신당,2,2
106,신당,107,상왕십리,2,2
107,상왕십리,108,왕십리,2,2
108,왕십리,109,한양대,2,2
109,한양대,110,뚝섬,2,2
110,뚝섬,111,성수,2,2
111,성수,112,건대입구,2,2
112,건대입구,113,구의,2,2
113,구의,114,강변,2,2
114,강변,115,잠실나루,2,2
115,잠실나루,116,잠실,2,2
116,잠실,117,신천,2,2
117,신천,118,종합운동장,2,2
118,종합운동장,119,삼성,2,2
119,삼성,120,선릉,2,2
120,선릉,121,역삼,2,2
121,역삼,122,강남,2,2
122,강남,123,교대,2,2
123,교대,124,서초,2,2
124,서초,125,방배,2,2
125,방배,126,사당,2,2
126,사당,127,낙성대,2,2
127,낙성대,128,서울대입구,2,2
128,서울대입구,129,봉천,2,2
129,봉천,130,신림,2,2
130,신림,131,신대방,2,2
131,신대방,132,구로디지털단지,2,2
132,구로디지털단지,133,대림,2,2
133,대림,134,신도림,2,2
134,신도림,135,문래,2,2
135,문래,136,영등포구청,2,2
136,영등포구청,137,당산,2,2
137,당산,138,합정,2,2
138,합정,139,홍대입구,2,2
139,홍대입구,140,신촌,2,2
140,신촌,141,이대,2,2
141,이대,142,아현,2,2
142,아현,143,충정로,2,2
143,충정로,101,시청,2,2
111,성수,144,용답,2,2
144,용답,145,신답,2,2
145,신답,146,용두,2,2
146,용두,147,신설동,2,2
134,신도림,148,도림천,2,2
148,도림천,149,양천구청,2,2
149,양천구청,150,신정네거리,2,2
150,신정네거리,151,까치산,2,2
201,대화,202,주엽,3,3
202,주엽,203,정발산,3,2
203,정발산,204,마두,3,2
204,마두,205,백석,3,2
205,백석,206,대곡,3,3
206,대곡,207,화정,3,3
207,화정,208,원당,3,3
208,원당,209,원흥,3,2
209,원흥,210,삼송,3,2
210,삼송,211,지축,3,3
211,지축,212,구파발,3,2
212,구파발,213,연신내,3,3
213,연신내,214,불광,3,2
214,불광,215,녹번,3,2
215,녹번,216,홍제,3,2
216,홍제,217,무악재,3,2
217,무악재,218,독립문,3,2
218,독립문,219,경복궁,3,2
219,경복궁,220,안국,3,2
220,안국,221,종로3가,3,2
221,종로3가,222,을지로3가,3,2
222,을지로3가,223,충무로,3,2
223,충무로,224,동대입구,3,2
224,동대입구,225,약수,3,2
225,약수,226,금호,3,2
226,금호,227,옥수,3,2
227,옥수,228,압구정,3,3
228,압구정,229,신사,3,2
229,신사,230,잠원,3,2
230,잠원,231,고속터미널,3,2
231,고속터미널,232,교대,3,2
232,교대,233,남부터미널,3,2
233,남부터미널,234,양재,3,3
234,양재,235,매봉,3,2
235,매봉,236,도곡,3,2
236,도곡,237,대치,3,2
237,대치,238,학여울,3,2
238,학여울,239,대청,3,2
239,대청,240,일원,3,2
240,일원,241,수서,3,2
241,수서,242,가락시장,3,3
242,가락시장,243,경찰병원,3,2
243,경찰병원,244,오금,3,2
301,당고개,302,상계,4,2
302,상계,303,노원,4,2
303,노원,304,창동,4,2
304,창동,305,쌍문,4,2
305,쌍문,306,수유,4,2
306,수유,307,미아,4,2
307,미아,308,미아사거리,4,2
308,미아사거리,309,길음,4,2
309,길음,310,성신여대입구,4,2
310,성신여대입구,311,한성대입구,4,2
311,한성대입구,312,혜화,4,2
312,혜화,313,동대문,4,2
313,동대문,314,동대문역사문화공원,4,2
314,동대문역사문화공원,315,충무로,4,2
315,충무로,316,명동,4,2
316,명동,317,회현,4,2
317,회현,318,서울역,4,2
318,서울역,319,숙대입구,4,2
319,숙대입구,320,삼각지,4,2
320,삼각지,321,신용산,4,2
321,신용산,322,이촌,4,2
322,이촌,323,동작,4,3
323,동작,324,총신대입구,4,2
324,총신대입구,325,사당,4,2
325,사당,326,남태령,4,3
326,남태령,327,선바위,4,3
327,선바위,328,경마공원,4,3
328,경마공원,329,대공원,4,2
329,대공원,330,과천,4,2
330,과천,331,정부과천청사,4,2
331,정부과천청사,332,인덕원,4,3
332,인덕원,333,평촌,4,3
333,평촌,334,범계,4,2
334,범계,335,금정,4,3
335,금정,336,산본,4,3
336,산본,337,수리산,4,2
337,수리산,338,대야미,4,3
338,대야미,339,반월,4,3
339,반월,340,상록수,4,3
340,상록수,341,한대앞,4,2
341,한대앞,342,중앙,4,2
342,중앙,343,고잔,4,2
343,고잔,344,초지,4,2
344,초지,345,안산,4,2
345,안산,346,신길온천,4,2
346,신길온천,347,정왕,4,2
347,정왕,348,오이도,4,3
401,방화,402,개화산,5,2
402,개화산,403,김포공항,5,2
403,김포공항,404,송정,5,2
404,송정,405,마곡,5,2
405,마곡,406,발산,5,2
406,발산,407,우장산,5,2
407,우장산,408,화곡,5,2
408,화곡,409,까치산,5,2
409,까치산,410,신정,5,2
410,신정,411,목동,5,2
411,목동,412,오목교,5,2
412,오목교,413,양평,5,2
413,양평,414,영등포구청,5,2
414,영등포구청,415,영등포시장,5,2
415,영등포시장,416,신길,5,2
416,신길,417,여의도,5,2
417,여의도,418,여의나루,5,2
418,여의나루,419,마포,5,2
419,마포,420,공덕,5,2
420,공덕,421,애오개,5,2
421,애오개,422,충정로,5,2
422,충정로,423,서대문,5,2
423,서대문,424,광화문,5,2
424,광화문,425,종로3가,5,2
425,종로3가,426,을지로4가,5,2
426,을지로4가,427,동대문역사문화공원,5,2
427,동대문역사문화공원,428,청구,5,2
428,청구,429,신금호,5,2
429,신금호,430,행당,5,2
430,행당,431,왕십리,5,2
431,왕십리,432,마장,5,2
432,마장,433,답십리,5,2
433,답십리,434,장한평,5,2
434,장한평,435,군자,5,2
435,군자,436,아차산,5,2
436,아차산,437,광나루,5,2
437,광나루,438,천호,5,2
438,천호,439,강동,5,2
439,강동,440,길동,5,2
440,길동,441,굽은다리,5,2
441,굽은다리,442,명일,5,2
442,명일,443,고덕,5,2
443,고덕,444,상일동,5,2
444,상일동,445,둔촌동,5,2
445,둔촌동,446,올림픽공원,5,2
446,올림픽공원,447,방이,5,2
447,방이,448,오금,5,2
448,오금,449,개롱,5,2
449,개롱,450,거여,5,2
450,거여,451,마천,5,2
439,강동,452,둔촌오륜,5,2
452,둔촌오륜,453,명일,5,2
453,명일,454,고덕강일,5,2
454,고덕강일,455,상일동,5,2
455,상일동,456,미사,5,2
456,미사,457,하남풍산,5,2
457,하남풍산,458,하남시청,5,2
458,하남시청,459,하남검단산,5,2
501,응암,502,역촌,6,2
502,역촌,503,불광,6,2
503,불광,504,독바위,6,2
504,독바위,505,연신내,6,2
505,연신내,506,구산,6,2
506,구산,507,새절,6,2
507,새절,508,증산,6,2
508,증산,509,디지털미디어시티,6,2
509,디지털미디어시티,510,월드컵경기장,6,2
510,월드컵경기장,511,마포구청,6,2
511,마포구청,512,망원,6,2
512,망원,513,합정,6,2
513,합정,514,상수,6,2
514,상수,515,광흥창,6,2
515,광흥창,516,대흥,6,2
516,대흥,517,공덕,6,2
517,공덕,518,효창공원앞,6,2
518,효창공원앞,519,삼각지,6,2
519,삼각지,520,녹사평,6,2
520,녹사평,521,이태원,6,2
521,이태원,522,한강진,6,2
522,한강진,523,버티고개,6,2
523,버티고개,524,약수,6,2
524,약수,525,청구,6,2
525,청구,526,신당,6,2
526,신당,527,동묘앞,6,2
527,동묘앞,528,창신,6,2
528,창신,529,보문,6,2
529,보문,530,안암,6,2
530,안암,531,고려대,6,2
531,고려대,532,월곡,6,2
532,월곡,533,상월곡,6,2
533,상월곡,534,돌곶이,6,2
534,돌곶이,535,석계,6,2
535,석계,536,태릉입구,6,2
536,태릉입구,537,화랑대,6,2
537,화랑대,538,봉화산,6,2
538,봉화산,539,신내,6,2
539,신내,501,응암,6,2
601,장암,602,도봉산,7,2
602,도봉산,603,수락산,7,2
603,수락산,604,마들,7,2
604,마들,605,노원,7,2
605,노원,606,중계,7,2
606,중계,607,하계,7,2
607,하계,608,공릉,7,2
608,공릉,609,태릉입구,7,2
609,태릉입구,610,먹골,7,2
610,먹골,611,중화,7,2
611,중화,612,상봉,7,2
612,상봉,613,면목,7,2
613,면목,614,사가정,7,2
614,사가정,615,용마산,7,2
615,용마산,616,중곡,7,2
616,중곡,617,군자,7,2
617,군자,618,어린이대공원,7,2
618,어린이대공원,619,건대입구,7,2
619,건대입구,620,뚝섬유원지,7,2
620,뚝섬유원지,621,청담,7,2
621,청담,622,강남구청,7,2
622,강남구청,623,학동,7,2
623,학동,624,논현,7,2
624,논현,625,반포,7,2
625,반포,626,고속터미널,7,2
626,고속터미널,627,내방,7,2
627,내방,628,이수,7,2
628,이수,629,남성,7,2
629,남성,630,숭실대입구,7,2
630,숭실대입구,631,상도,7,2
631,상도,632,장승배기,7,2
632,장승배기,633,신대방삼거리,7,2
633,신대방삼거리,634,보라매,7,2
634,보라매,635,신풍,7,2
635,신풍,636,대림,7,2
636,대림,637,남구로,7,2
637,남구로,638,가산디지털단지,7,2
638,가산디지털단지,639,철산,7,2
639,철산,640,광명사거리,7,2
640,광명사거리,641,천왕,7,2
641,천왕,642,온수,7,2
701,암사,702,천호,8,2
702,천호,703,강동구청,8,2
703,강동구청,704,몽촌토성,8,2
704,몽촌토성,705,잠실,8,2
705,잠실,706,석촌,8,2
706,석촌,707,송파,8,2
707,송파,708,가락시장,8,2
708,가락시장,709,문정,8,2
709,문정,710,장지,8,2
710,장지,711,복정,8,2
711,복정,712,산성,8,2
712,산성,713,남한산성입구,8,2
713,남한산성입구,714,단대오거리,8,2
714,단대오거리,715,신흥,8,2
715,신흥,716,수진,8,2
716,수진,717,모란,8,2
801,개화,802,김포공항,9,2
802,김포공항,803,공항시장,9,2
803,공항시장,804,신방화,9,2
804,신방화,805,마곡나루,9,2
805,마곡나루,806,양천향교,9,2
806,양천향교,807,가양,9,2
807,가양,808,증미,9,2
808,증미,809,등촌,9,2
809,등촌,810,염창,9,2
810,염창,811,신목동,9,2
811,신목동,812,선유도,9,2
812,선유도,813,당산,9,2
813,당산,814,국회의사당,9,2
814,국회의사당,815,여의도,9,2
815,여의도,816,샛강,9,2
816,샛강,817,노량진,9,2
817,노량진,818,노들,9,2
818,노들,819,흑석,9,2
819,흑석,820,동작,9,2
820,동작,821,구반포,9,2
821,구반포,822,신반포,9,2
822,신반포,823,고속터미널,9,2
823,고속터미널,824,사평,9,2
824,사평,825,신논현,9,2
825,신논현,826,언주,9,2
826,언주,827,선정릉,9,2
827,선정릉,828,삼성중앙,9,2
828,삼성중앙,829,봉은사,9,2
829,봉은사,830,종합운동장,9,2
830,종합운동장,831,삼전,9,2
831,삼전,832,석촌고분,9,2
832,석촌고분,833,석촌,9,2
833,석촌,834,송파나루,9,2
834,송파나루,835,한성백제,9,2
835,한성백제,836,올림픽공원,9,2
836,올림픽공원,837,둔촌오륜,9,2
837,둔촌오륜,838,중앙보훈병원,9,2
33,서울역,318,서울역,1,0
318,서울역,33,서울역,4,0
33,서울역,101,시청,1,2
101,시청,33,서울역,2,2
29,동대문,313,동대문,1,0
313,동대문,29,동대문,4,0
105,동대문역사문화공원,314,동대문역사문화공원,2,0
314,동대문역사문화공원,105,동대문역사문화공원,4,0
105,동대문역사문화공원,427,동대문역사문화공원,2,0
427,동대문역사문화공원,105,동대문역사문화공원,5,0
314,동대문역사문화공원,427,동대문역사문화공원,4,0
427,동대문역사문화공원,314,동대문역사문화공원,5,0
31,종로3가,221,종로3가,1,0
221,종로3가,31,종로3가,3,0
31,종로3가,425,종로3가,1,0
425,종로3가,31,종로3가,5,0
221,종로3가,425,종로3가,3,0
425,종로3가,221,종로3가,5,0
103,을지로3가,222,을지로3가,2,0
222,을지로3가,103,을지로3가,3,0
223,충무로,315,충무로,3,0
315,충무로,223,충무로,4,0
126,사당,325,사당,2,0
325,사당,126,사당,4,0
123,교대,232,교대,2,0
232,교대,123,교대,3,0
231,고속터미널,626,고속터미널,3,0
626,고속터미널,231,고속터미널,7,0
231,고속터미널,823,고속터미널,3,0
823,고속터미널,231,고속터미널,9,0
626,고속터미널,823,고속터미널,7,0
823,고속터미널,626,고속터미널,9,0
116,잠실,705,잠실,2,0
705,잠실,116,잠실,8,0
108,왕십리,431,왕십리,2,0
431,왕십리,108,왕십리,5,0
138,합정,513,합정,2,0
513,합정,138,합정,6,0
303,노원,605,노원,4,0
605,노원,303,노원,7,0
21,석계,535,석계,1,0
535,석계,21,석계,6,0
536,태릉입구,609,태릉입구,6,0
609,태릉입구,536,태릉입구,7,0
112,건대입구,619,건대입구,2,0
619,건대입구,112,건대입구,7,0
435,군자,617,군자,5,0
617,군자,435,군자,7,0
133,대림,636,대림,2,0
636,대림,133,대림,7,0
225,약수,524,약수,3,0
524,약수,225,약수,6,0
428,청구,525,청구,5,0
525,청구,428,청구,6,0
106,신당,526,신당,2,0
526,신당,106,신당,6,0
45,온수,642,온수,1,0
642,온수,45,온수,7,0
420,공덕,517,공덕,5,0
517,공덕,420,공덕,6,0
213,연신내,505,연신내,3,0
505,연신내,213,연신내,6,0
214,불광,503,불광,3,0
503,불광,214,불광,6,0
320,삼각지,519,삼각지,4,0
519,삼각지,320,삼각지,6,0
28,동묘앞,527,동묘앞,1,0
527,동묘앞,28,동묘앞,6,0
62,가산디지털단지,638,가산디지털단지,1,0
638,가산디지털단지,62,가산디지털단지,7,0
403,김포공항,802,김포공항,5,0
802,김포공항,403,김포공항,9,0
36,노량진,817,노량진,1,0
817,노량진,36,노량진,9,0
323,동작,820,동작,4,0
820,동작,323,동작,9,0
417,여의도,815,여의도,5,0
815,여의도,417,여의도,9,0
137,당산,813,당산,2,0
813,당산,137,당산,9,0
118,종합운동장,830,종합운동장,2,0
830,종합운동장,118,종합운동장,9,0
706,석촌,833,석촌,8,0
833,석촌,706,석촌,9,0
242,가락시장,708,가락시장,3,0
708,가락시장,242,가락시장,8,0
438,천호,702,천호,5,0
702,천호,438,천호,8,0
14,도봉산,602,도봉산,1,0
602,도봉산,14,도봉산,7,0
17,창동,304,창동,1,0
304,창동,17,창동,4,0
40,신도림,134,신도림,1,0
134,신도림,40,신도림,2,0
69,금정,335,금정,1,0
335,금정,69,금정,4,0
151,까치산,409,까치산,2,0
409,까치산,151,까치산,5,0
143,충정로,422,충정로,2,0
422,충정로,143,충정로,5,0
104,을지로4가,426,을지로4가,2,0
426,을지로4가,104,을지로4가,5,0